miner,deadline-partition,29+3 path,29+3 md5,8+2 path,8+2 md5
f01479781,30-0,/mnt/sealed/mainnet/storage/f01479781/0/sealed/s-t01479781-76462,2bfff7f5c93f8e3983284581918c76bc,/mnt/sealed/mainnet/storage/f01479781/0/sealed/.snapshot/1646731091/s-t01479781-76462,2bfff7f5c93f8e3983284581918c76bc
f01479781,30-0,/mnt/sealed/mainnet/storage/f01479781/0/sealed/s-t01479781-76822,0a9b4bb8d2e4d92e6de6c54affc473f0,/mnt/sealed/mainnet/storage/f01479781/0/sealed/.snapshot/1646731091/s-t01479781-76822,0a9b4bb8d2e4d92e6de6c54affc473f0
f01479781,30-0,/mnt/sealed/mainnet/storage/f01479781/0/sealed/s-t01479781-77176,0ceb018efecb42631d042e29ab62ea13,/mnt/sealed/mainnet/storage/f01479781/0/sealed/.snapshot/1646731091/s-t01479781-77176,0ceb018efecb42631d042e29ab62ea13
f01479781,30-0,/mnt/sealed/mainnet/storage/f01479781/0/sealed/s-t01479781-77536,0a23112b908df9e77aeedd66d374c78d,/mnt/sealed/mainnet/storage/f01479781/0/sealed/.snapshot/1646731091/s-t01479781-77536,0a23112b908df9e77aeedd66d374c78d
f01479781,30-0,/mnt/sealed/mainnet/storage/f01479781/0/sealed/s-t01479781-77902,e005a580f98a5fc450b018e5a56d8547,/mnt/sealed/mainnet/storage/f01479781/0/sealed/.snapshot/1646731091/s-t01479781-77902,e005a580f98a5fc450b018e5a56d8547
f01479781,30-0,/mnt/sealed/mainnet/storage/f01479781/0/sealed/s-t01479781-78262,751639c9851669f3fdae4b44bda2e57c,/mnt/sealed/mainnet/storage/f01479781/0/sealed/.snapshot/1646731091/s-t01479781-78262,751639c9851669f3fdae4b44bda2e57c
f01479781,30-0,/mnt/sealed/mainnet/storage/f01479781/0/sealed/s-t01479781-78626,b97366dc0fc28b7cfc358512caeee036,/mnt/sealed/mainnet/storage/f01479781/0/sealed/.snapshot/1646731091/s-t01479781-78626,b97366dc0fc28b7cfc358512caeee036
f01479781,30-0,/mnt/sealed/mainnet/storage/f01479781/0/sealed/s-t01479781-78983,e18225ebbc108950d362ceee4861103d,/mnt/sealed/mainnet/storage/f01479781/0/sealed/.snapshot/1646731091/s-t01479781-78983,e18225ebbc108950d362ceee4861103d
f01479781,30-0,/mnt/sealed/mainnet/storage/f01479781/0/sealed/s-t01479781-80107,0eda724630a9e1cb3ca9ccaf696ede9d,/mnt/sealed/mainnet/storage/f01479781/0/sealed/.snapshot/1646731091/s-t01479781-80107,0eda724630a9e1cb3ca9ccaf696ede9d
f01479781,30-0,/mnt/sealed/mainnet/storage/f01479781/0/sealed/s-t01479781-79349,689ba446fd07048a93f48f04387a1f5a,/mnt/sealed/mainnet/storage/f01479781/0/sealed/.snapshot/1646731091/s-t01479781-79349,689ba446fd07048a93f48f04387a1f5a
f01479781,30-1,/mnt/sealed/mainnet/storage/f01479781/0/sealed/s-t01479781-190000,408c759eb46b6c56814644d8bd0423d9,/mnt/sealed/mainnet/storage/f01479781/0/sealed/.snapshot/1646731091/s-t01479781-190000,408c759eb46b6c56814644d8bd0423d9
f01479781,30-0,/mnt/sealed/mainnet/storage/f01479781/0/sealed/s-t01479781-80480,26f20a8698f4bb67a9da48ca3f448209,/mnt/sealed/mainnet/storage/f01479781/0/sealed/.snapshot/1646731091/s-t01479781-80480,26f20a8698f4bb67a9da48ca3f448209
f01479781,30-1,/mnt/sealed/mainnet/storage/f01479781/0/sealed/s-t01479781-191604,8b4c377067b453714d8e4f018e521417,/mnt/sealed/mainnet/storage/f01479781/0/sealed/.snapshot/1646731091/s-t01479781-191604,8b4c377067b453714d8e4f018e521417
f01479781,30-0,/mnt/sealed/mainnet/storage/f01479781/0/sealed/s-t01479781-79736,d06bc1da6b9824ddfc7441a6bf1ef521,/mnt/sealed/mainnet/storage/f01479781/0/sealed/.snapshot/1646731091/s-t01479781-79736,d06bc1da6b9824ddfc7441a6bf1ef521
f01479781,30-1,/mnt/sealed/mainnet/storage/f01479781/0/sealed/s-t01479781-190879,6232c65dd44a7058f48419d394c52803,/mnt/sealed/mainnet/storage/f01479781/0/sealed/.snapshot/1646731091/s-t01479781-190879,6232c65dd44a7058f48419d394c52803
f01479781,30-1,/mnt/sealed/mainnet/storage/f01479781/0/sealed/s-t01479781-194076,bf158c2fa3b5d1b5c191afa3cf531167,/mnt/sealed/mainnet/storage/f01479781/0/sealed/.snapshot/1646731091/s-t01479781-194076,bf158c2fa3b5d1b5c191afa3cf531167
f01479781,30-1,/mnt/sealed/mainnet/storage/f01479781/0/sealed/s-t01479781-193683,f659ff28658a7242b2097bd81908b00b,/mnt/sealed/mainnet/storage/f01479781/0/sealed/.snapshot/1646731091/s-t01479781-193683,f659ff28658a7242b2097bd81908b00b
f01479781,30-1,/mnt/sealed/mainnet/storage/f01479781/0/sealed/s-t01479781-192774,dc74401f4ebe08ba4061bc66b9be544f,/mnt/sealed/mainnet/storage/f01479781/0/sealed/.snapshot/1646731091/s-t01479781-192774,dc74401f4ebe08ba4061bc66b9be544f
f01479781,30-1,/mnt/sealed/mainnet/storage/f01479781/0/sealed/s-t01479781-194569,969a36124044838f83a3232cddb17c73,/mnt/sealed/mainnet/storage/f01479781/0/sealed/.snapshot/1646731091/s-t01479781-194569,969a36124044838f83a3232cddb17c73
f01479781,30-1,/mnt/sealed/mainnet/storage/f01479781/0/sealed/s-t01479781-196708,10b7ea8ed0842204ded2ff4dbf5b2a24,/mnt/sealed/mainnet/storage/f01479781/0/sealed/.snapshot/1646731091/s-t01479781-196708,10b7ea8ed0842204ded2ff4dbf5b2a24
f01479781,30-1,/mnt/sealed/mainnet/storage/f01479781/0/sealed/s-t01479781-192211,30097c12f52c420db73bbeb8844d585e,/mnt/sealed/mainnet/storage/f01479781/0/sealed/.snapshot/1646731091/s-t01479781-192211,30097c12f52c420db73bbeb8844d585e
f01479781,30-1,/mnt/sealed/mainnet/storage/f01479781/0/sealed/s-t01479781-193261,04a0cf8f4b2ebacf3329c09730d1a1a5,/mnt/sealed/mainnet/storage/f01479781/0/sealed/.snapshot/1646731091/s-t01479781-193261,04a0cf8f4b2ebacf3329c09730d1a1a5
f01479781,30-1,/mnt/sealed/mainnet/storage/f01479781/0/sealed/s-t01479781-195873,1d629bf662ca035494c319f63dc00f2b,/mnt/sealed/mainnet/storage/f01479781/0/sealed/.snapshot/1646731091/s-t01479781-195873,1d629bf662ca035494c319f63dc00f2b
f01479781,30-1,/mnt/sealed/mainnet/storage/f01479781/0/sealed/s-t01479781-195210,5ac5b5a20d60ef251da773702d607d8f,/mnt/sealed/mainnet/storage/f01479781/0/sealed/.snapshot/1646731091/s-t01479781-195210,5ac5b5a20d60ef251da773702d607d8f
f01479781,30-1,/mnt/sealed/mainnet/storage/f01479781/0/sealed/s-t01479781-198131,4be81c76bb90d4b75279286d3b77c4cb,/mnt/sealed/mainnet/storage/f01479781/0/sealed/.snapshot/1646731091/s-t01479781-198131,4be81c76bb90d4b75279286d3b77c4cb
f01479781,30-2,/mnt/sealed/mainnet/storage/f01479781/0/sealed/s-t01479781-302924,d7cfb943ecc1e9b7c30781be27962737,/mnt/sealed/mainnet/storage/f01479781/0/sealed/.snapshot/1646731091/s-t01479781-302924,d7cfb943ecc1e9b7c30781be27962737
f01479781,30-2,/mnt/sealed/mainnet/storage/f01479781/0/sealed/s-t01479781-302462,91f33cdb31c56b7b7be32ccb561a7fce,/mnt/sealed/mainnet/storage/f01479781/0/sealed/.snapshot/1646731091/s-t01479781-302462,91f33cdb31c56b7b7be32ccb561a7fce
f01479781,30-2,/mnt/sealed/mainnet/storage/f01479781/0/sealed/s-t01479781-303352,7d9ff2d8a14d583eca3ba057aa957db1,/mnt/sealed/mainnet/storage/f01479781/0/sealed/.snapshot/1646731091/s-t01479781-303352,7d9ff2d8a14d583eca3ba057aa957db1
f01479781,30-2,/mnt/sealed/mainnet/storage/f01479781/0/sealed/s-t01479781-303771,bca75fbb9948ebad0356c937ca2a858a,/mnt/sealed/mainnet/storage/f01479781/0/sealed/.snapshot/1646731091/s-t01479781-303771,bca75fbb9948ebad0356c937ca2a858a
f01479781,30-2,/mnt/sealed/mainnet/storage/f01479781/0/sealed/s-t01479781-304156,5e43bf7e93d14ef3fcc3a73d38a1cf70,/mnt/sealed/mainnet/storage/f01479781/0/sealed/.snapshot/1646731091/s-t01479781-304156,5e43bf7e93d14ef3fcc3a73d38a1cf70
f01479781,30-2,/mnt/sealed/mainnet/storage/f01479781/0/sealed/s-t01479781-304513,8aac340f155f8ad4f8200d9bf617ee47,/mnt/sealed/mainnet/storage/f01479781/0/sealed/.snapshot/1646731091/s-t01479781-304513,8aac340f155f8ad4f8200d9bf617ee47
f01479781,30-2,/mnt/sealed/mainnet/storage/f01479781/0/sealed/s-t01479781-304857,869070212fdbb076eab61d7c28b2ed64,/mnt/sealed/mainnet/storage/f01479781/0/sealed/.snapshot/1646731091/s-t01479781-304857,869070212fdbb076eab61d7c28b2ed64
f01479781,30-2,/mnt/sealed/mainnet/storage/f01479781/0/sealed/s-t01479781-306242,1392bbc2b77feb4fdc3a5e8235af095b,/mnt/sealed/mainnet/storage/f01479781/0/sealed/.snapshot/1646731091/s-t01479781-306242,1392bbc2b77feb4fdc3a5e8235af095b
f01479781,30-2,/mnt/sealed/mainnet/storage/f01479781/0/sealed/s-t01479781-305202,ede70b84b931861bee7d0409425a7c0b,/mnt/sealed/mainnet/storage/f01479781/0/sealed/.snapshot/1646731091/s-t01479781-305202,ede70b84b931861bee7d0409425a7c0b
f01479781,30-2,/mnt/sealed/mainnet/storage/f01479781/0/sealed/s-t01479781-305898,d01abcaa2f75a7c16b30c0129f8087e3,/mnt/sealed/mainnet/storage/f01479781/0/sealed/.snapshot/1646731091/s-t01479781-305898,d01abcaa2f75a7c16b30c0129f8087e3
f01479781,30-3,/mnt/sealed/mainnet/storage/f01479781/0/sealed/s-t01479781-416350,ca1b229d3dde81a5f77970c1e8700a85,/mnt/sealed/mainnet/storage/f01479781/0/sealed/.snapshot/1646731091/s-t01479781-416350,ca1b229d3dde81a5f77970c1e8700a85
f01479781,30-2,/mnt/sealed/mainnet/storage/f01479781/0/sealed/s-t01479781-305570,d2cfee4c93a495c54fa5b08262542041,/mnt/sealed/mainnet/storage/f01479781/0/sealed/.snapshot/1646731091/s-t01479781-305570,d2cfee4c93a495c54fa5b08262542041
f01479781,30-3,/mnt/sealed/mainnet/storage/f01479781/0/sealed/s-t01479781-417618,97778886caeaf22815bb739a9f2c7f61,/mnt/sealed/mainnet/storage/f01479781/0/sealed/.snapshot/1646731091/s-t01479781-417618,97778886caeaf22815bb739a9f2c7f61
f01479781,30-2,/mnt/sealed/mainnet/storage/f01479781/0/sealed/s-t01479781-306601,e46b062a6bcac23826998235d0f1ad3d,/mnt/sealed/mainnet/storage/f01479781/0/sealed/.snapshot/1646731091/s-t01479781-306601,e46b062a6bcac23826998235d0f1ad3d
f01479781,30-3,/mnt/sealed/mainnet/storage/f01479781/0/sealed/s-t01479781-418159,4900b723d4a8fdb3be4baea767adf9af,/mnt/sealed/mainnet/storage/f01479781/0/sealed/.snapshot/1646731091/s-t01479781-418159,4900b723d4a8fdb3be4baea767adf9af
f01479781,30-3,/mnt/sealed/mainnet/storage/f01479781/0/sealed/s-t01479781-418640,1a8bcb6cae497a868b4cceeb4426a686,/mnt/sealed/mainnet/storage/f01479781/0/sealed/.snapshot/1646731091/s-t01479781-418640,1a8bcb6cae497a868b4cceeb4426a686
f01479781,30-3,/mnt/sealed/mainnet/storage/f01479781/0/sealed/s-t01479781-419521,17973d919584d38ec2df280f62aeac27,/mnt/sealed/mainnet/storage/f01479781/0/sealed/.snapshot/1646731091/s-t01479781-419521,17973d919584d38ec2df280f62aeac27
f01479781,30-3,/mnt/sealed/mainnet/storage/f01479781/0/sealed/s-t01479781-419107,b28ac0435defdcc9c01b7432bec6c3c6,/mnt/sealed/mainnet/storage/f01479781/0/sealed/.snapshot/1646731091/s-t01479781-419107,b28ac0435defdcc9c01b7432bec6c3c6
f01479781,30-3,/mnt/sealed/mainnet/storage/f01479781/0/sealed/s-t01479781-415557,f91dce10a81040d6baa4763b7fbcecca,/mnt/sealed/mainnet/storage/f01479781/0/sealed/.snapshot/1646731091/s-t01479781-415557,f91dce10a81040d6baa4763b7fbcecca
f01479781,30-3,/mnt/sealed/mainnet/storage/f01479781/0/sealed/s-t01479781-419890,fbacdee1789ababa1093e5fdbb6e99e1,/mnt/sealed/mainnet/storage/f01479781/0/sealed/.snapshot/1646731091/s-t01479781-419890,fbacdee1789ababa1093e5fdbb6e99e1
f01479781,30-3,/mnt/sealed/mainnet/storage/f01479781/0/sealed/s-t01479781-417093,9cc91add1def5f2e7cb18571172191b6,/mnt/sealed/mainnet/storage/f01479781/0/sealed/.snapshot/1646731091/s-t01479781-417093,9cc91add1def5f2e7cb18571172191b6
f01479781,30-3,/mnt/sealed/mainnet/storage/f01479781/0/sealed/s-t01479781-421136,d20f742ce2e0dba60514967eabb936cd,/mnt/sealed/mainnet/storage/f01479781/0/sealed/.snapshot/1646731091/s-t01479781-421136,d20f742ce2e0dba60514967eabb936cd
f01479781,30-3,/mnt/sealed/mainnet/storage/f01479781/0/sealed/s-t01479781-422024,eb4e327b54d735707b9d83bc41026c36,/mnt/sealed/mainnet/storage/f01479781/0/sealed/.snapshot/1646731091/s-t01479781-422024,eb4e327b54d735707b9d83bc41026c36
f01479781,30-3,/mnt/sealed/mainnet/storage/f01479781/0/sealed/s-t01479781-420443,a088967dab22b0a5f8a818416a43ff8e,/mnt/sealed/mainnet/storage/f01479781/0/sealed/.snapshot/1646731091/s-t01479781-420443,a088967dab22b0a5f8a818416a43ff8e
f01479781,30-3,/mnt/sealed/mainnet/storage/f01479781/0/sealed/s-t01479781-423310,bba9f3e6751c27d84bd1d8b4c8de46d4,/mnt/sealed/mainnet/storage/f01479781/0/sealed/.snapshot/1646731091/s-t01479781-423310,bba9f3e6751c27d84bd1d8b4c8de46d4
f01479781,30-4,/mnt/sealed/mainnet/storage/f01479781/1/sealed/s-t01479781-528973,d625b553303d80ab2075e02f64b6d776,/mnt/sealed/mainnet/storage/f01479781/1/sealed/.snapshot/1646742577/s-t01479781-528973,d625b553303d80ab2075e02f64b6d776
f01479781,30-4,/mnt/sealed/mainnet/storage/f01479781/1/sealed/s-t01479781-530014,8fb84484b4946a1d876bf38e8b582dfb,/mnt/sealed/mainnet/storage/f01479781/1/sealed/.snapshot/1646742577/s-t01479781-530014,8fb84484b4946a1d876bf38e8b582dfb
f01479781,30-4,/mnt/sealed/mainnet/storage/f01479781/1/sealed/s-t01479781-531137,8205e3a35d73d720fcacb8da295b7b2c,/mnt/sealed/mainnet/storage/f01479781/1/sealed/.snapshot/1646742577/s-t01479781-531137,8205e3a35d73d720fcacb8da295b7b2c
f01479781,30-4,/mnt/sealed/mainnet/storage/f01479781/1/sealed/s-t01479781-532224,18f5058e7ccd3a604731a4dcd4f790aa,/mnt/sealed/mainnet/storage/f01479781/1/sealed/.snapshot/1646742577/s-t01479781-532224,18f5058e7ccd3a604731a4dcd4f790aa
f01479781,30-4,/mnt/sealed/mainnet/storage/f01479781/1/sealed/s-t01479781-532860,c78919a58994107938c8787b98b6f9ec,/mnt/sealed/mainnet/storage/f01479781/1/sealed/.snapshot/1646742577/s-t01479781-532860,c78919a58994107938c8787b98b6f9ec
f01479781,30-4,/mnt/sealed/mainnet/storage/f01479781/1/sealed/s-t01479781-533411,d808a1628e11e15624f7bdb6a57fdf68,/mnt/sealed/mainnet/storage/f01479781/1/sealed/.snapshot/1646742577/s-t01479781-533411,d808a1628e11e15624f7bdb6a57fdf68
f01479781,30-4,/mnt/sealed/mainnet/storage/f01479781/1/sealed/s-t01479781-535034,4d0031bc5ec50c910b8d3ba94d03edd2,/mnt/sealed/mainnet/storage/f01479781/1/sealed/.snapshot/1646742577/s-t01479781-535034,4d0031bc5ec50c910b8d3ba94d03edd2
f01479781,30-4,/mnt/sealed/mainnet/storage/f01479781/1/sealed/s-t01479781-534499,b64ef88058a777fd6dc2e19e4caa6f82,/mnt/sealed/mainnet/storage/f01479781/1/sealed/.snapshot/1646742577/s-t01479781-534499,b64ef88058a777fd6dc2e19e4caa6f82
f01479781,30-4,/mnt/sealed/mainnet/storage/f01479781/1/sealed/s-t01479781-533943,b4c89a6aafcafcf207eaa22273cc8213,/mnt/sealed/mainnet/storage/f01479781/1/sealed/.snapshot/1646742577/s-t01479781-533943,b4c89a6aafcafcf207eaa22273cc8213
f01479781,30-5,/mnt/sealed/mainnet/storage/f01479781/1/sealed/s-t01479781-644874,dbef967870ac9014b14c1a9accb80a01,/mnt/sealed/mainnet/storage/f01479781/1/sealed/.snapshot/1646742577/s-t01479781-644874,dbef967870ac9014b14c1a9accb80a01
f01479781,30-4,/mnt/sealed/mainnet/storage/f01479781/1/sealed/s-t01479781-535576,8e1d5bf74327252a6f51d7a359313cb1,/mnt/sealed/mainnet/storage/f01479781/1/sealed/.snapshot/1646742577/s-t01479781-535576,8e1d5bf74327252a6f51d7a359313cb1
f01479781,30-5,/mnt/sealed/mainnet/storage/f01479781/1/sealed/s-t01479781-642683,442431de597756cb01ab81c2df1b4643,/mnt/sealed/mainnet/storage/f01479781/1/sealed/.snapshot/1646742577/s-t01479781-642683,442431de597756cb01ab81c2df1b4643
f01479781,30-4,/mnt/sealed/mainnet/storage/f01479781/1/sealed/s-t01479781-536130,b87e16dd422c1d23e22655ebaa4fa8ad,/mnt/sealed/mainnet/storage/f01479781/1/sealed/.snapshot/1646742577/s-t01479781-536130,b87e16dd422c1d23e22655ebaa4fa8ad
f01479781,30-4,/mnt/sealed/mainnet/storage/f01479781/1/sealed/s-t01479781-536665,92f72ad7b8941d1155cfd906faa5adc3,/mnt/sealed/mainnet/storage/f01479781/1/sealed/.snapshot/1646742577/s-t01479781-536665,92f72ad7b8941d1155cfd906faa5adc3
f01479781,30-5,/mnt/sealed/mainnet/storage/f01479781/1/sealed/s-t01479781-645932,4b5d8603f7b0cedf9fd899f9a0501dab,/mnt/sealed/mainnet/storage/f01479781/1/sealed/.snapshot/1646742577/s-t01479781-645932,4b5d8603f7b0cedf9fd899f9a0501dab
f01479781,30-5,/mnt/sealed/mainnet/storage/f01479781/1/sealed/s-t01479781-644002,cea689e8432c31b750343e4fe80b384f,/mnt/sealed/mainnet/storage/f01479781/1/sealed/.snapshot/1646742577/s-t01479781-644002,cea689e8432c31b750343e4fe80b384f
f01479781,30-5,/mnt/sealed/mainnet/storage/f01479781/1/sealed/s-t01479781-645557,efe7daeb986f29e19a9226c7cb44216c,/mnt/sealed/mainnet/storage/f01479781/1/sealed/.snapshot/1646742577/s-t01479781-645557,efe7daeb986f29e19a9226c7cb44216c
f01479781,30-5,/mnt/sealed/mainnet/storage/f01479781/1/sealed/s-t01479781-647105,f7e91de02d2accdf0f848e7c319374c2,/mnt/sealed/mainnet/storage/f01479781/1/sealed/.snapshot/1646742577/s-t01479781-647105,f7e91de02d2accdf0f848e7c319374c2
f01479781,30-5,/mnt/sealed/mainnet/storage/f01479781/1/sealed/s-t01479781-646693,7c60e3034a1ab22754fc8ee83753c2b0,/mnt/sealed/mainnet/storage/f01479781/1/sealed/.snapshot/1646742577/s-t01479781-646693,7c60e3034a1ab22754fc8ee83753c2b0
f01479781,30-5,/mnt/sealed/mainnet/storage/f01479781/1/sealed/s-t01479781-650063,984d93f502c9528450c3fa8906cbb118,/mnt/sealed/mainnet/storage/f01479781/1/sealed/.snapshot/1646742577/s-t01479781-650063,984d93f502c9528450c3fa8906cbb118
f01479781,30-5,/mnt/sealed/mainnet/storage/f01479781/1/sealed/s-t01479781-646307,be5bc3df7fcaf1b5e6a58dc1ef6a09a9,/mnt/sealed/mainnet/storage/f01479781/1/sealed/.snapshot/1646742577/s-t01479781-646307,be5bc3df7fcaf1b5e6a58dc1ef6a09a9
f01479781,30-5,/mnt/sealed/mainnet/storage/f01479781/1/sealed/s-t01479781-648579,1a2a1081002b439e7a20c1ffad128a31,/mnt/sealed/mainnet/storage/f01479781/1/sealed/.snapshot/1646742577/s-t01479781-648579,1a2a1081002b439e7a20c1ffad128a31
f01479781,30-5,/mnt/sealed/mainnet/storage/f01479781/1/sealed/s-t01479781-647533,ff543fdf945c1f94b71aae4f45913b25,/mnt/sealed/mainnet/storage/f01479781/1/sealed/.snapshot/1646742577/s-t01479781-647533,ff543fdf945c1f94b71aae4f45913b25
f01479781,30-5,/mnt/sealed/mainnet/storage/f01479781/1/sealed/s-t01479781-648023,511ff0945ca34313d60d488db5714716,/mnt/sealed/mainnet/storage/f01479781/1/sealed/.snapshot/1646742577/s-t01479781-648023,511ff0945ca34313d60d488db5714716
f01479781,30-5,/mnt/sealed/mainnet/storage/f01479781/1/sealed/s-t01479781-649246,7cad84106d8311ea7462452674b0327a,/mnt/sealed/mainnet/storage/f01479781/1/sealed/.snapshot/1646742577/s-t01479781-649246,7cad84106d8311ea7462452674b0327a
f01479781,30-6,/mnt/sealed/mainnet/storage/f01479781/1/sealed/s-t01479781-756437,0c271154404cd01d53c8102db66eec63,/mnt/sealed/mainnet/storage/f01479781/1/sealed/.snapshot/1646742577/s-t01479781-756437,0c271154404cd01d53c8102db66eec63
f01479781,30-6,/mnt/sealed/mainnet/storage/f01479781/1/sealed/s-t01479781-757594,61e7b77d324ec49994b7cd531b88d2b5,/mnt/sealed/mainnet/storage/f01479781/1/sealed/.snapshot/1646742577/s-t01479781-757594,61e7b77d324ec49994b7cd531b88d2b5
f01479781,30-6,/mnt/sealed/mainnet/storage/f01479781/1/sealed/s-t01479781-758347,bc35b1c820029f4325bb7454ad43611f,/mnt/sealed/mainnet/storage/f01479781/1/sealed/.snapshot/1646742577/s-t01479781-758347,bc35b1c820029f4325bb7454ad43611f
f01479781,30-6,/mnt/sealed/mainnet/storage/f01479781/1/sealed/s-t01479781-759169,beb0e4a636f495e7a76df786f75e6e19,/mnt/sealed/mainnet/storage/f01479781/1/sealed/.snapshot/1646742577/s-t01479781-759169,beb0e4a636f495e7a76df786f75e6e19
f01479781,30-6,/mnt/sealed/mainnet/storage/f01479781/1/sealed/s-t01479781-758799,3d04e15e62b61b363541e71ad3f5780a,/mnt/sealed/mainnet/storage/f01479781/1/sealed/.snapshot/1646742577/s-t01479781-758799,3d04e15e62b61b363541e71ad3f5780a
f01479781,30-6,/mnt/sealed/mainnet/storage/f01479781/1/sealed/s-t01479781-759553,89c73c53cd30efa421d0df62c47c6cfd,/mnt/sealed/mainnet/storage/f01479781/1/sealed/.snapshot/1646742577/s-t01479781-759553,89c73c53cd30efa421d0df62c47c6cfd
f01479781,30-6,/mnt/sealed/mainnet/storage/f01479781/1/sealed/s-t01479781-759940,be9e15f2675d94ce7e4caacc35f2f843,/mnt/sealed/mainnet/storage/f01479781/1/sealed/.snapshot/1646742577/s-t01479781-759940,be9e15f2675d94ce7e4caacc35f2f843
f01479781,30-6,/mnt/sealed/mainnet/storage/f01479781/1/sealed/s-t01479781-760831,d8526da7021f7d7f22b2d41a052460f5,/mnt/sealed/mainnet/storage/f01479781/1/sealed/.snapshot/1646742577/s-t01479781-760831,d8526da7021f7d7f22b2d41a052460f5
f01479781,30-6,/mnt/sealed/mainnet/storage/f01479781/1/sealed/s-t01479781-761329,c00f8e7209ed9e8f4a276dce5dcf630d,/mnt/sealed/mainnet/storage/f01479781/1/sealed/.snapshot/1646742577/s-t01479781-761329,c00f8e7209ed9e8f4a276dce5dcf630d
f01479781,30-6,/mnt/sealed/mainnet/storage/f01479781/1/sealed/s-t01479781-760367,98becb084c88d1c2902daf210ad79f99,/mnt/sealed/mainnet/storage/f01479781/1/sealed/.snapshot/1646742577/s-t01479781-760367,98becb084c88d1c2902daf210ad79f99
f01479781,30-6,/mnt/sealed/mainnet/storage/f01479781/1/sealed/s-t01479781-761842,aebfb4c3f0048b6ba80a7519579d16db,/mnt/sealed/mainnet/storage/f01479781/1/sealed/.snapshot/1646742577/s-t01479781-761842,aebfb4c3f0048b6ba80a7519579d16db
f01479781,30-6,/mnt/sealed/mainnet/storage/f01479781/1/sealed/s-t01479781-762548,d9eb64bc0c86c81635d6ea902f92178b,/mnt/sealed/mainnet/storage/f01479781/1/sealed/.snapshot/1646742577/s-t01479781-762548,d9eb64bc0c86c81635d6ea902f92178b
f01479781,30-7,/mnt/sealed/mainnet/storage/f01479781/1/sealed/s-t01479781-873865,3cf8bd6f25040a428e9c162bc18cb031,/mnt/sealed/mainnet/storage/f01479781/1/sealed/.snapshot/1646742577/s-t01479781-873865,3cf8bd6f25040a428e9c162bc18cb031
f01479781,30-7,/mnt/sealed/mainnet/storage/f01479781/1/sealed/s-t01479781-875341,f2cb84b426266be1a5558fdec64c635f,/mnt/sealed/mainnet/storage/f01479781/1/sealed/.snapshot/1646742577/s-t01479781-875341,f2cb84b426266be1a5558fdec64c635f
f01479781,30-7,/mnt/sealed/mainnet/storage/f01479781/1/sealed/s-t01479781-873039,4aa8d0d90b49510fe2b7d461296772be,/mnt/sealed/mainnet/storage/f01479781/1/sealed/.snapshot/1646742577/s-t01479781-873039,4aa8d0d90b49510fe2b7d461296772be
f01479781,30-7,/mnt/sealed/mainnet/storage/f01479781/1/sealed/s-t01479781-873457,74880333c789be9f2f49452165b02807,/mnt/sealed/mainnet/storage/f01479781/1/sealed/.snapshot/1646742577/s-t01479781-873457,74880333c789be9f2f49452165b02807
f01479781,30-7,/mnt/sealed/mainnet/storage/f01479781/1/sealed/s-t01479781-874264,2723fff6602bd99f70b693ac44631672,/mnt/sealed/mainnet/storage/f01479781/1/sealed/.snapshot/1646742577/s-t01479781-874264,2723fff6602bd99f70b693ac44631672
f01479781,30-7,/mnt/sealed/mainnet/storage/f01479781/1/sealed/s-t01479781-874995,a5f7853b0916a1004366da162139c1e6,/mnt/sealed/mainnet/storage/f01479781/1/sealed/.snapshot/1646742577/s-t01479781-874995,a5f7853b0916a1004366da162139c1e6
f01479781,30-7,/mnt/sealed/mainnet/storage/f01479781/1/sealed/s-t01479781-874637,cb6edd46d729841b823459f4e08a1f6b,/mnt/sealed/mainnet/storage/f01479781/1/sealed/.snapshot/1646742577/s-t01479781-874637,cb6edd46d729841b823459f4e08a1f6b
f01479781,30-7,/mnt/sealed/mainnet/storage/f01479781/1/sealed/s-t01479781-876667,d0456a9f4785f34ff77e58ff779ede53,/mnt/sealed/mainnet/storage/f01479781/1/sealed/.snapshot/1646742577/s-t01479781-876667,d0456a9f4785f34ff77e58ff779ede53
f01479781,30-7,/mnt/sealed/mainnet/storage/f01479781/1/sealed/s-t01479781-876333,d31f366131d724ccf9342109681760e2,/mnt/sealed/mainnet/storage/f01479781/1/sealed/.snapshot/1646742577/s-t01479781-876333,d31f366131d724ccf9342109681760e2
f01479781,30-7,/mnt/sealed/mainnet/storage/f01479781/1/sealed/s-t01479781-875662,95ef6625c108a3cf277443fb166888e6,/mnt/sealed/mainnet/storage/f01479781/1/sealed/.snapshot/1646742577/s-t01479781-875662,95ef6625c108a3cf277443fb166888e6
f01479781,30-7,/mnt/sealed/mainnet/storage/f01479781/1/sealed/s-t01479781-875995,67366c243f6e87ab6ac37dae0f6beb30,/mnt/sealed/mainnet/storage/f01479781/1/sealed/.snapshot/1646742577/s-t01479781-875995,67366c243f6e87ab6ac37dae0f6beb30
f01479781,30-7,/mnt/sealed/mainnet/storage/f01479781/1/sealed/s-t01479781-877002,ec193fa9d9c4d6f8fd2f5067b067d677,/mnt/sealed/mainnet/storage/f01479781/1/sealed/.snapshot/1646742577/s-t01479781-877002,ec193fa9d9c4d6f8fd2f5067b067d677
f01479781,30-7,/mnt/sealed/mainnet/storage/f01479781/1/sealed/s-t01479781-877340,a269e2160d60ad0ef52687ecbd43b932,/mnt/sealed/mainnet/storage/f01479781/1/sealed/.snapshot/1646742577/s-t01479781-877340,a269e2160d60ad0ef52687ecbd43b932
f01479781,30-8,/mnt/sealed/mainnet/storage/f01479781/2/sealed/s-t01479781-987238,d33fbbdcfa90734cf4bd13997f11d574,/mnt/sealed/mainnet/storage/f01479781/2/sealed/.snapshot/1646754105/s-t01479781-987238,d33fbbdcfa90734cf4bd13997f11d574
f01479781,30-8,/mnt/sealed/mainnet/storage/f01479781/2/sealed/s-t01479781-987863,9b479e0f8b830ab1a8fde39afea4d9a2,/mnt/sealed/mainnet/storage/f01479781/2/sealed/.snapshot/1646754105/s-t01479781-987863,9b479e0f8b830ab1a8fde39afea4d9a2
f01479781,30-8,/mnt/sealed/mainnet/storage/f01479781/2/sealed/s-t01479781-988622,0e4b618b58f8974dc80dfec201f69efe,/mnt/sealed/mainnet/storage/f01479781/2/sealed/.snapshot/1646754105/s-t01479781-988622,0e4b618b58f8974dc80dfec201f69efe
f01479781,30-8,/mnt/sealed/mainnet/storage/f01479781/2/sealed/s-t01479781-988252,2ce45e26642531a690e95084298b9260,/mnt/sealed/mainnet/storage/f01479781/2/sealed/.snapshot/1646754105/s-t01479781-988252,2ce45e26642531a690e95084298b9260
f01479781,30-8,/mnt/sealed/mainnet/storage/f01479781/2/sealed/s-t01479781-988979,98a84e280297f8eb52f0819d82e50926,/mnt/sealed/mainnet/storage/f01479781/2/sealed/.snapshot/1646754105/s-t01479781-988979,98a84e280297f8eb52f0819d82e50926
f01479781,30-8,/mnt/sealed/mainnet/storage/f01479781/2/sealed/s-t01479781-989684,4c678f2ccf92b01bee14208328635789,/mnt/sealed/mainnet/storage/f01479781/2/sealed/.snapshot/1646754105/s-t01479781-989684,4c678f2ccf92b01bee14208328635789
f01479781,30-8,/mnt/sealed/mainnet/storage/f01479781/2/sealed/s-t01479781-989302,6466eb95ed25d969bb3da92a9194686c,/mnt/sealed/mainnet/storage/f01479781/2/sealed/.snapshot/1646754105/s-t01479781-989302,6466eb95ed25d969bb3da92a9194686c
f01479781,30-8,/mnt/sealed/mainnet/storage/f01479781/2/sealed/s-t01479781-990821,f38ad1ee54af8604dd2e4783a7642950,/mnt/sealed/mainnet/storage/f01479781/2/sealed/.snapshot/1646754105/s-t01479781-990821,f38ad1ee54af8604dd2e4783a7642950
f01479781,30-8,/mnt/sealed/mainnet/storage/f01479781/2/sealed/s-t01479781-990429,fb01e712fc17874feef846dc3253bd30,/mnt/sealed/mainnet/storage/f01479781/2/sealed/.snapshot/1646754105/s-t01479781-990429,fb01e712fc17874feef846dc3253bd30
f01479781,30-8,/mnt/sealed/mainnet/storage/f01479781/2/sealed/s-t01479781-990046,24392a2ba6767f2ceb1b862131026520,/mnt/sealed/mainnet/storage/f01479781/2/sealed/.snapshot/1646754105/s-t01479781-990046,24392a2ba6767f2ceb1b862131026520
f01479781,30-8,/mnt/sealed/mainnet/storage/f01479781/2/sealed/s-t01479781-991810,6702df9a3755632a565a5f9cd8316c67,/mnt/sealed/mainnet/storage/f01479781/2/sealed/.snapshot/1646754105/s-t01479781-991810,6702df9a3755632a565a5f9cd8316c67
f01479781,30-8,/mnt/sealed/mainnet/storage/f01479781/2/sealed/s-t01479781-991265,353eaeb5be9ef6b9e4669b7d6c0c8e81,/mnt/sealed/mainnet/storage/f01479781/2/sealed/.snapshot/1646754105/s-t01479781-991265,353eaeb5be9ef6b9e4669b7d6c0c8e81
f01479781,30-9,/mnt/sealed/mainnet/storage/f01479781/2/sealed/s-t01479781-1098276,d6f94925621a6200e85dd7a23b06b4cd,/mnt/sealed/mainnet/storage/f01479781/2/sealed/.snapshot/1646754105/s-t01479781-1098276,d6f94925621a6200e85dd7a23b06b4cd
f01479781,30-9,/mnt/sealed/mainnet/storage/f01479781/2/sealed/s-t01479781-1100246,56386491cec749b86a76cb0a9a3c156b,/mnt/sealed/mainnet/storage/f01479781/2/sealed/.snapshot/1646754105/s-t01479781-1100246,56386491cec749b86a76cb0a9a3c156b
f01479781,30-9,/mnt/sealed/mainnet/storage/f01479781/2/sealed/s-t01479781-1101759,be35b592cefaee0f84e6bed352ba48f6,/mnt/sealed/mainnet/storage/f01479781/2/sealed/.snapshot/1646754105/s-t01479781-1101759,be35b592cefaee0f84e6bed352ba48f6
f01479781,30-9,/mnt/sealed/mainnet/storage/f01479781/2/sealed/s-t01479781-1101393,81fdf1e6a40fe16972bec2d3f997e76f,/mnt/sealed/mainnet/storage/f01479781/2/sealed/.snapshot/1646754105/s-t01479781-1101393,81fdf1e6a40fe16972bec2d3f997e76f
f01479781,30-9,/mnt/sealed/mainnet/storage/f01479781/2/sealed/s-t01479781-1101004,eaa2b510e23859810610bb10f1e339a3,/mnt/sealed/mainnet/storage/f01479781/2/sealed/.snapshot/1646754105/s-t01479781-1101004,eaa2b510e23859810610bb10f1e339a3
f01479781,30-9,/mnt/sealed/mainnet/storage/f01479781/2/sealed/s-t01479781-1099851,fb909404be66994912e0a2c4807cfcf2,/mnt/sealed/mainnet/storage/f01479781/2/sealed/.snapshot/1646754105/s-t01479781-1099851,fb909404be66994912e0a2c4807cfcf2
f01479781,30-9,/mnt/sealed/mainnet/storage/f01479781/2/sealed/s-t01479781-1100613,a102165d995740f4fca9add3c30048f0,/mnt/sealed/mainnet/storage/f01479781/2/sealed/.snapshot/1646754105/s-t01479781-1100613,a102165d995740f4fca9add3c30048f0
f01479781,30-9,/mnt/sealed/mainnet/storage/f01479781/2/sealed/s-t01479781-1102138,90eb8ba028bb3d97fab6be0eb723fe8d,/mnt/sealed/mainnet/storage/f01479781/2/sealed/.snapshot/1646754105/s-t01479781-1102138,90eb8ba028bb3d97fab6be0eb723fe8d
f01479781,30-9,/mnt/sealed/mainnet/storage/f01479781/2/sealed/s-t01479781-1102880,abd474230928e0b6bb0f05511337af8f,/mnt/sealed/mainnet/storage/f01479781/2/sealed/.snapshot/1646754105/s-t01479781-1102880,abd474230928e0b6bb0f05511337af8f
f01479781,30-9,/mnt/sealed/mainnet/storage/f01479781/2/sealed/s-t01479781-1102499,d1b1f295d82eeb5a72daa75d6525506e,/mnt/sealed/mainnet/storage/f01479781/2/sealed/.snapshot/1646754105/s-t01479781-1102499,d1b1f295d82eeb5a72daa75d6525506e
f01479781,30-9,/mnt/sealed/mainnet/storage/f01479781/2/sealed/s-t01479781-1103279,4dabe248d47c01ac6fec42f531379592,/mnt/sealed/mainnet/storage/f01479781/2/sealed/.snapshot/1646754105/s-t01479781-1103279,4dabe248d47c01ac6fec42f531379592
f01479781,30-9,/mnt/sealed/mainnet/storage/f01479781/2/sealed/s-t01479781-1104073,b0501a5c369c6ca52539a68c7e2817ae,/mnt/sealed/mainnet/storage/f01479781/2/sealed/.snapshot/1646754105/s-t01479781-1104073,b0501a5c369c6ca52539a68c7e2817ae
f01479781,30-9,/mnt/sealed/mainnet/storage/f01479781/2/sealed/s-t01479781-1103665,15a5e2e7172fad0fcaa64058d2a42753,/mnt/sealed/mainnet/storage/f01479781/2/sealed/.snapshot/1646754105/s-t01479781-1103665,15a5e2e7172fad0fcaa64058d2a42753
f01479781,30-10,/mnt/sealed/mainnet/storage/f01479781/2/sealed/s-t01479781-1210269,e9adf2179c44794b034211e949d73e5d,/mnt/sealed/mainnet/storage/f01479781/2/sealed/.snapshot/1646754105/s-t01479781-1210269,e9adf2179c44794b034211e949d73e5d
f01479781,30-10,/mnt/sealed/mainnet/storage/f01479781/2/sealed/s-t01479781-1211206,fb7bd8c7f669cc3c5d2155d1eaf30a93,/mnt/sealed/mainnet/storage/f01479781/2/sealed/.snapshot/1646754105/s-t01479781-1211206,fb7bd8c7f669cc3c5d2155d1eaf30a93
f01479781,30-10,/mnt/sealed/mainnet/storage/f01479781/2/sealed/s-t01479781-1213731,593076c4cefb914dc1bcd469110ea117,/mnt/sealed/mainnet/storage/f01479781/2/sealed/.snapshot/1646754105/s-t01479781-1213731,593076c4cefb914dc1bcd469110ea117
f01479781,30-10,/mnt/sealed/mainnet/storage/f01479781/2/sealed/s-t01479781-1212936,41a3da20167683da8eaed7b3c9809604,/mnt/sealed/mainnet/storage/f01479781/2/sealed/.snapshot/1646754105/s-t01479781-1212936,41a3da20167683da8eaed7b3c9809604
f01479781,30-10,/mnt/sealed/mainnet/storage/f01479781/2/sealed/s-t01479781-1212081,03255660b0160176a0517ed2d77bd9bb,/mnt/sealed/mainnet/storage/f01479781/2/sealed/.snapshot/1646754105/s-t01479781-1212081,03255660b0160176a0517ed2d77bd9bb
f01479781,30-10,/mnt/sealed/mainnet/storage/f01479781/2/sealed/s-t01479781-1214226,388a38fee292a7951eb9b6b4ede1e7e5,/mnt/sealed/mainnet/storage/f01479781/2/sealed/.snapshot/1646754105/s-t01479781-1214226,388a38fee292a7951eb9b6b4ede1e7e5
f01479781,30-10,/mnt/sealed/mainnet/storage/f01479781/2/sealed/s-t01479781-1216624,450e9d0c345122fbb3cea05fc892c729,/mnt/sealed/mainnet/storage/f01479781/2/sealed/.snapshot/1646754105/s-t01479781-1216624,450e9d0c345122fbb3cea05fc892c729
f01479781,30-10,/mnt/sealed/mainnet/storage/f01479781/2/sealed/s-t01479781-1215707,c231fd4732bab00a9b6c46997065fb8c,/mnt/sealed/mainnet/storage/f01479781/2/sealed/.snapshot/1646754105/s-t01479781-1215707,c231fd4732bab00a9b6c46997065fb8c
f01479781,30-10,/mnt/sealed/mainnet/storage/f01479781/2/sealed/s-t01479781-1214709,e97b4a3cb43a70dcb125dcd8de3129b8,/mnt/sealed/mainnet/storage/f01479781/2/sealed/.snapshot/1646754105/s-t01479781-1214709,e97b4a3cb43a70dcb125dcd8de3129b8
f01479781,30-10,/mnt/sealed/mainnet/storage/f01479781/2/sealed/s-t01479781-1216184,bd345e53a3a25e8e735ff5f257899937,/mnt/sealed/mainnet/storage/f01479781/2/sealed/.snapshot/1646754105/s-t01479781-1216184,bd345e53a3a25e8e735ff5f257899937
f01479781,30-10,/mnt/sealed/mainnet/storage/f01479781/2/sealed/s-t01479781-1217209,71e26b7453d38e384d7c8b1e01a51676,/mnt/sealed/mainnet/storage/f01479781/2/sealed/.snapshot/1646754105/s-t01479781-1217209,71e26b7453d38e384d7c8b1e01a51676
f01479781,30-10,/mnt/sealed/mainnet/storage/f01479781/2/sealed/s-t01479781-1215188,03894fffc19fa18711aaaa4ba6667f7d,/mnt/sealed/mainnet/storage/f01479781/2/sealed/.snapshot/1646754105/s-t01479781-1215188,03894fffc19fa18711aaaa4ba6667f7d
f01479781,30-11,/mnt/sealed/mainnet/storage/f01479781/2/sealed/s-t01479781-1325682,fc0bf29e95c3f4be898ec93a6466db59,/mnt/sealed/mainnet/storage/f01479781/2/sealed/.snapshot/1646754105/s-t01479781-1325682,fc0bf29e95c3f4be898ec93a6466db59
f01479781,30-11,/mnt/sealed/mainnet/storage/f01479781/2/sealed/s-t01479781-1325368,affea2fde3a91a21ba5f9fd6955582b0,/mnt/sealed/mainnet/storage/f01479781/2/sealed/.snapshot/1646754105/s-t01479781-1325368,affea2fde3a91a21ba5f9fd6955582b0
f01479781,30-11,/mnt/sealed/mainnet/storage/f01479781/2/sealed/s-t01479781-1326685,940f9d007f7cb43c94b2478f618ea699,/mnt/sealed/mainnet/storage/f01479781/2/sealed/.snapshot/1646754105/s-t01479781-1326685,940f9d007f7cb43c94b2478f618ea699
f01479781,30-11,/mnt/sealed/mainnet/storage/f01479781/2/sealed/s-t01479781-1327661,dd9f31291761db1c2bf671b3069478af,/mnt/sealed/mainnet/storage/f01479781/2/sealed/.snapshot/1646754105/s-t01479781-1327661,dd9f31291761db1c2bf671b3069478af
f01479781,30-11,/mnt/sealed/mainnet/storage/f01479781/2/sealed/s-t01479781-1326994,1a94cfc44bba520ea807390b4a963863,/mnt/sealed/mainnet/storage/f01479781/2/sealed/.snapshot/1646754105/s-t01479781-1326994,1a94cfc44bba520ea807390b4a963863
f01479781,30-11,/mnt/sealed/mainnet/storage/f01479781/2/sealed/s-t01479781-1322239,02865fa1d129bf46b9373ef952ac356c,/mnt/sealed/mainnet/storage/f01479781/2/sealed/.snapshot/1646754105/s-t01479781-1322239,02865fa1d129bf46b9373ef952ac356c
f01479781,30-11,/mnt/sealed/mainnet/storage/f01479781/2/sealed/s-t01479781-1326053,2ae78b93074fac6122365a07caa02e23,/mnt/sealed/mainnet/storage/f01479781/2/sealed/.snapshot/1646754105/s-t01479781-1326053,2ae78b93074fac6122365a07caa02e23
f01479781,30-11,/mnt/sealed/mainnet/storage/f01479781/2/sealed/s-t01479781-1328858,3f7d74272363fea92cc2c12e2241df15,/mnt/sealed/mainnet/storage/f01479781/2/sealed/.snapshot/1646754105/s-t01479781-1328858,3f7d74272363fea92cc2c12e2241df15
f01479781,30-11,/mnt/sealed/mainnet/storage/f01479781/2/sealed/s-t01479781-1327282,d8e6b93c83192ced5838b6edcc100940,/mnt/sealed/mainnet/storage/f01479781/2/sealed/.snapshot/1646754105/s-t01479781-1327282,d8e6b93c83192ced5838b6edcc100940
f01479781,30-11,/mnt/sealed/mainnet/storage/f01479781/2/sealed/s-t01479781-1328551,db1cb0852a74453fbd9b50505c1c1219,/mnt/sealed/mainnet/storage/f01479781/2/sealed/.snapshot/1646754105/s-t01479781-1328551,db1cb0852a74453fbd9b50505c1c1219
f01479781,30-11,/mnt/sealed/mainnet/storage/f01479781/2/sealed/s-t01479781-1326384,6d9e4d7aa5a8cac5809fb199024a39a7,/mnt/sealed/mainnet/storage/f01479781/2/sealed/.snapshot/1646754105/s-t01479781-1326384,6d9e4d7aa5a8cac5809fb199024a39a7
f01479781,30-11,/mnt/sealed/mainnet/storage/f01479781/2/sealed/s-t01479781-1327939,6a1e3ba1da0b81e68243775cbab3885a,/mnt/sealed/mainnet/storage/f01479781/2/sealed/.snapshot/1646754105/s-t01479781-1327939,6a1e3ba1da0b81e68243775cbab3885a
f01479781,30-11,/mnt/sealed/mainnet/storage/f01479781/2/sealed/s-t01479781-1328225,2c564587303cb5817448bd06335c73dd,/mnt/sealed/mainnet/storage/f01479781/2/sealed/.snapshot/1646754105/s-t01479781-1328225,2c564587303cb5817448bd06335c73dd
